cityName,address,name,minRateId
深圳市,广东省深圳市平湖街道凤凰大道146号,万马爱充凤凰星苑酒店站,20650
深圳市,深圳市坪山区坑梓街道石田路32号,万马爱充坪山石田路站,10081
省直辖县级行政区划,海南省琼海市官塘大道与豪华路交叉口天来泉小区,万马爱充天来泉慢充站,20704
南京市,南京市玄武区兴贤路8号,万马爱充兴贤佳园站,19357
杭州市,杭州市下沙经济开发区文海北路379号,万马爱充下沙教材纸业站,16739
西安市,陕西省西安市未央区草滩九路普盛智慧产业园,万马爱充普盛智慧产业园站,20758
泉州市,福建省泉州市丰泽区东海街道宝山社区通港东街549号鑫航驾校旁,万马爱充鑫航驾校站,19375
泉州市,福建省泉州市惠安县洛阳镇324国道吉安汽车检测中心,万马爱充吉安汽车检测中心站,334
苏州市,苏州市吴中区石湖东路77号雅杰酒店地面（进门口直走到底左拐）,万马爱充雅杰大酒店站,10086
省直辖县级行政区划,海南省陵水绿城蓝湾酒店室外停车场,万马爱充绿城蓝湾酒店慢充站,19382
三亚市,海南省三亚市吉阳区迎宾路468号一山湖室外停车场,万马爱充一山湖室外慢充站,20682
三亚市,海南省三亚市崖州区创意新城6号路东合逸海郡小区,万马爱充东合逸海郡慢充站,20735
咸宁市,咸宁市咸安区贺胜桥东站广场西侧,万马爱充联投梓山湖鸡汤小镇站,4673
重庆市,重庆市渝中区大坪正街38号龙湖时代天街D馆车库负二楼,万马爱充龙湖时代天街D馆站,9271
深圳市,深圳市龙华区龙观西路3号,万马爱充金龙华广场站,9617
深圳市,深圳市龙华区和平路1号（富多肯工业园内）,万马爱充清湖社会站,9201
深圳市,广东省深圳市罗湖区宝安北路4008号,万马爱充麦德龙站,19302
武汉市,武汉市东西湖区金山大道京昌物流公司,万马爱充京昌物流站,19364
西安市,陕西省西安市未央区石化大道66号,万马爱充窦家寨站,16124
西安市,陕西省西安市雁塔区科技二路65号,万马爱充清华科技园站,18252
深圳市,广东省深圳市宝安区沙井街道迎宾路南书香公园停车场内（鸿荣源禧园北侧）,万马爱充书香公园站,20757
南京市,南京市江宁区天元东路城市之光地下停车场B2层,万马爱充城市之光站,12403
南京市,南京市秦淮区太平南路168号远洋国际地下停车场B3层,万马爱充远洋国际站,19357
深圳市,广东省深圳市宝安区沙井街道新和大道112号鹏程花园停车场内,万马爱充鹏程花园站,20757
苏州市,姑苏区义乌商贸城和合街入口地下负一层左拐前行30米后右拐至D区,万马爱充义乌国际商贸城站,18437
深圳市,深圳市龙岗区甘李路1号巨银科技园内,万马爱充巨银科技园站,20812
苏州市,苏州市高新区创业街8号（苏州市汉达工业园内）,万马爱充创业街站,18437
杭州市,杭州市下城区焦家里弄一号,万马爱充文源电商产业园站,16738
南京市,南京市六合区雄州南路288号沪江商贸城地面停车场,万马爱充沪江商贸城站,19357
西安市,陕西省西安市未央区凤城六路159号,万马爱充商储凤七物流园站,16124
南京市,南京市鼓楼区建宁路2号金盛百货地面停车场（修路期间，从中央路下面走，左拐进入停车场）,万马爱充金盛百货站,19357
西安市,陕西省西安市长安区西太路2号,万马爱充出口加工B区站,8590
苏州市,苏绣路苏州中心北车库2号口驶入（B2层 2322-2242号；B3层 3523~3533号）,万马爱充苏州中心站,10086
深圳市,广东省深圳市宝安区新桥街道新玉路北侧芙蓉体育公园停车场内,万马爱充芙蓉体育公园站,20757
三亚市,海南省三亚市天涯区金鸡岭桥头公园停车场,万马爱充金鸡岭桥头公园站,19262
三亚市,海南省三亚市吉阳区丰兴隆桥头公园停车场,万马爱充丰兴隆桥头公园站,19262
三亚市,海南省三亚市海棠区三亚国际免税店大巴停车场,万马爱充海棠湾免税店站,19262
三亚市,海南省三亚市吉阳区海螺一路与凤凰路交汇处红树林生态公园停车场,万马爱充红树林生态公园东门站,19262
西安市,陕西省西安市未央区石化大道85号,万马爱充祥云物流园站,10100
杭州市,浙江省杭州市余杭区五常大道与和睦路交汇处,万马爱充西溪华元欢乐城站,16739
苏州市,苏州市虎丘区狮山路28号高新广场南入口地下负三层右拐,万马爱充高新广场站,12405
南京市,南京市鼓楼区淮滨路1号滨江希尔顿酒店地下停车场B1层,万马爱充滨江希尔顿酒店站,19357
南京市,南京市鼓楼区建宁路8号玉桥国际公寓地下停车场B2层,万马爱充玉桥国际公寓站,19357
南京市,南京市鼓楼区傅佐路31号Touch酒店旁地面停车场,万马爱充山西路TOUCH酒店站,19357
三亚市,海南省三亚市吉阳区海螺一路红树林生态公园西门（正门）停车场,万马爱充红树林生态公园西门站,19262
深圳市,宝安区沙井街道上星路东靓车屋停车场内,万马爱充沙井上星路站,20652
东莞市,新基村新能源产业园尤特物流园内,万马爱充尤特站,16650
佛山市,佛山市南海区桂城街道简平路1号天安数码城（小车站）,万马爱充天安数码城站,9979
杭州市,浙江省杭州市江干区下沙经济开发区1号大街68号,万马爱充华媒科创园一期站,16738
北京市,北京市顺义区李天路寰宇科技园西侧,万马爱充泊安飞环宇停车场站,19257
苏州市,苏州市吴中区企鸿路18号双湖广场东南门入口（B2层左拐到底）,万马爱充双湖广场站,18437
深圳市,大鹏街道鹏城社区鹏飞路278号富华厂工业园,万马爱充大鹏欢乐海湾度假区站,9201
深圳市,坂田街道五和南路82号阳光湾畔内,万马爱充五和阳光湾畔站,9201
北京市,北京市东城区金宝街89号,万马爱充金宝大厦站,19254
南京市,南京市江宁区秣陵工业园隆盛路58号立夫安防公司内地面停车场,万马爱充秣陵工业园站,19249
深圳市,深圳市南湾街道沙湾社区兴华路11号,万马爱充沙湾兴华路站,9201
重庆市,重庆市南岸区南坪西路114号南部公交维修一厂内,万马爱充柴保厂站,20723
深圳市,深圳市宝安区宝源路F518时尚创意园内停车场,万马爱充F518创意园区站,9616
三亚市,海南省三亚市天涯区天涯海角正门对面停车场,万马爱充天涯海角站,20639
佛山市,南海区东秀路材料C区公交站,万马爱充新材料产业C区站,19297
西安市,陕西省西安市长安区普新二路9号,万马爱充高新普洛斯站,8590
西安市,西安市阎良区人民东路16号,万马爱充阎良公交站,10099
西安市,陕西省西安市未央区东兴路11号,万马爱充北客站文景山公园站,8590
佛山市,南海区和桂大道和桂工业园公交站,万马爱充和桂工业园站,16737
佛山市,南海区里水镇南方医科大学南海医院(公交站),万马爱充南方医科大学南海医院站,8693
三明市,福建省三明市梅列区东乾三路体育馆东旁,万马爱充梅列区体育馆东公交站,19373
泉州市,福建省泉州市丰泽区城东街道埭头社区安吉南路美仙山花苑二期,万马爱充美仙山二期站,19375
苏州市,苏州市姑苏区新郭路333号四季广场（进门后直行到底后左拐到底）,万马爱充四季商业广场站,12405
重庆市,重庆市渝北区双龙东路199-18号,万马爱充渝北城南站,20723
武汉市,武汉市东西湖区临空港大道百信集团院内,万马爱充百信集团站,19364
苏州市,苏州市工业园区西沈浒路138号（进门后直行150米）,万马爱充西沈浒路站,18437
成都市,成都市武侯区文昌路375号,万马爱充文昌路厂房站,20783
成都市,成都市双流县广都大道188号,万马爱充双流客运中心站,20771
重庆市,重庆市江北区洋河北路力帆体育城露天停车场（江北区群众体育健身活动中心旁）,万马爱充力帆体育城站,20723
重庆市,重庆市大渡口区双山路131号（爱与山旁露天停车场）,万马爱充爱与山站,20723
深圳市,深圳市宝安区光明办事处明卓工业园,万马爱充明卓兴工业园站,10083
成都市,成都市武侯区武青东一路10号,万马爱充缘源生态园站,20771
成都市,成都市金牛区金丰路299号,万马爱充成彭立交站,20783
重庆市,重庆市渝北区松石北路146号,万马爱充花园新村站,20723
重庆市,重庆市渝北区昆仑大道50号南广场公交枢纽站内,万马爱充龙头寺南广场站,20784
无锡市,无锡市新吴区锡贤路162号平达纺织厂（进门后直行50米右拐到底）,万马爱充锡贤路站,9573
无锡市,无锡市新吴区城南路208号世纪风服饰公司东南角（进门后直行200米左拐）,万马爱充城南路站,9573
重庆市,重庆市南岸区南滨路东原1891E馆B1层停车场,万马爱充东原1891站,20785
重庆市,重庆市渝北区临港大道110号（公交枢纽站内）,万马爱充双凤桥换乘枢纽站,20723
苏州市,苏州市工业园区苏雅路388号天虹商场地下车库（B2层F区）,万马爱充天虹商场站,18437
苏州市,苏州市虎丘区长江路556号港龙城地下车库（B2层E区）,万马爱充港龙城站,19371
深圳市,广东省深圳市南山区南山街道月亮湾沿山路荔山工业园旁,万马爱充荔山工业园站,9201
深圳市,广东省深圳市宝安区东方大道松岗中学西侧,万马爱充松岗体育中心站,20649
深圳市,深圳市龙华区环观路观澜山水田园停车场内,万马爱充观澜山水田园站,20651
武汉市,武汉市江夏区高新二路首创奥特莱斯停车场3层,万马爱充首创奥特莱斯站,9611
杭州市,浙江省杭州市下城区中山北路561号（世纪联华停车场指引牌的入口进入，位于停车场F区超市旁）,万马爱充西湖文化广场站,16738
重庆市,重庆市北碚区云清路216号,万马爱充北碚城南站,20723
深圳市,龙华新区玉田花园枭龙路东,万马爱充大浪玉田花园站,10085
宜昌市,宜昌市伍家岗区伍临路共联商贸大市场内,万马爱充宜昌共联大市场站,9274
厦门市,福建省厦门市湖里区五通社区泥金公交总站旁国投停车场,万马爱充国投泥金停车场站,19375
泉州市,福建省泉州市丰泽区泉秀路189号（沉洲路泉州旅游服务中心）,万马爱充洛江出租车公司站,19375
南京市,南京市江宁区务本路79号恒安检测站院内地面停车场,万马爱充恒安检测站,19249
杭州市,浙江省杭州市余杭区高教路984号未来科技城海创园(东门高教路入口),万马爱充未来科技城海创园站,16739
武汉市,武汉市新洲区阳逻街童院村万马新能源汽车充电站,万马爱充阳逻平江大道站,19364
重庆市,重庆市江北区海尔路272号（吉安园茅溪小区旁）,万马爱充江北金山站,20784
杭州市,杭州市萧山区纬二路99号,万马爱充大江东临江高新技术产业园站,16738
广州市,南岗丹水坑路福顺货运旁,万马爱充丹水坑风景区站,19285
南京市,南京市鼓楼区幕府东路55-71号，近苏果社区店(旭日景城社区店)旁地面停车场,万马爱充弘阳旭日景城站,19249
苏州市,苏州市吴中区东吴北路112号朗庭·乐享汇地下一层,万马爱充东吴大厦站,20829
重庆市,重庆市大渡口区双龙路2-附105号,万马爱充中交丽景站,20723
重庆市,重庆市九龙坡区石坪桥横街2号附1号,万马爱充石坪桥站,20723
苏州市,苏州市姑苏区虎阜路999号虎丘婚纱城B1层I区,万马爱充虎丘婚纱城站,12405
杭州市,浙江省杭州市余杭区良睦路1399-3号楼,万马爱充未来科技城互联网村站,16739
杭州市,浙江省杭州市余杭区良睦路1288-6号楼,万马爱充未来科技城梦想小镇羊锅村站,16739
重庆市,重庆市北碚区碚峡路315号鱼塘湾车站,万马爱充北碚北合站,20723
广州市,广东省广州市番禺沙头街西丽工业区丽景路78号,万马爱充丽景路站,19286
苏州市,苏州市相城区南天成路111号水景路入口B2负二层C区（车位号799到810）,万马爱充圆融广场站,10086
成都市,成都市科园南路1号,万马爱充海特国际广场站,20771
武汉市,武汉市东西湖区商贸大道与新岭三路交叉口停车场入口,万马爱充汇通公路港站,20815
成都市,成都市新都区新力路9号,万马爱充新都汉城站,20771
苏州市,苏州市虎丘区滨河路2088号地下B2层P1区（车位号B022到B025，B056到B063）,万马爱充蓝天商务广场站,10086
海口市,海口市琼山区滨江西路南侧响水湾度假公寓,万马爱充智龙响水湾站,19246
南京市,南京市玄武区长江路300号圣和府邸酒店地下停车场B3层,万马爱充圣和府邸酒店站,19357
南京市,南京市浦口区浦口大道18号红星美凯龙地下停车场B2层D区,万马爱充红星美凯龙站,19357
福州市,福建省福州市马尾区罗星街道济安路图书馆立体停车场,万马爱充马尾图书馆站,20714
上海市,上海市闵行区华翔路3799弄18号,万马爱充华翔路站,12415
西安市,陕西省西安市未央区三桥街道西三环与石化大道交会处路东南500米,万马爱充西三环中石化站,15490
深圳市,广东省深圳市光明区田园路8号,万马爱充公明田园路站,12335
武汉市,湖北省武汉市江岸区三眼桥路荷花苑小区北停车场,万马爱充竹叶山站,19364
北京市,北京市房山区月华大街15号苏庄西区停车场,万马爱充苏庄西区停车场站,19255
杭州市,滨江区秋溢路与江虹路交叉口往东100米（进门后左拐）,万马爱充天和高科站,16738
重庆市,重庆市渝中区美专校街66号附1号地下车库负一楼,万马爱充牛角沱站,20723
重庆市,重庆市大渡口区双城路163号兄弟装饰旁,万马爱充中豪公园站,20723
苏州市,苏州市工业园区八达街111号中衡设计大厦B2层（入口处直行15米）,万马爱充衡艺广场站,18437
重庆市,重庆市沙坪坝区长春沟217路车站内,万马爱充217路队站,20723
重庆市,重庆市渝北区空港工业园区42号地块内（空港公交枢纽站内）,万马爱充渝北空港站,20784
西安市,陕西省西安市未央区三桥街道张万村北中石油加油站内,万马爱充阿房一路站,16124
西安市,陕西省西安市未央区广安路与新兴路交叉口向东100米路北,万马爱充新房村中石油站,16124
杭州市,浙江省杭州市江干区景昙路9号地下车库夹层,万马爱充杭州大厦501站,16738
苏州市,苏州市高新区玉山路99号钻石广场地下B1层（车位号55到72）,万马爱充钻石广场站,12405
福州市,福建省福州市晋安区新店镇审知路西陇佳园北侧停车场,万马爱充西垅佳园站,20714
成都市,四川省成都市双流区中和二街66号,万马爱充军安卫士花园站,20771
苏州市,苏州市园区四季路1号李公堤三期基金博物馆入口地下B1层E区（车位号E115到E126）,万马爱充李公堤站,18437
三明市,福建省三明市三元区工业南路三明站公交枢纽站,万马爱充三明公交枢纽站,19373
泉州市,福建省泉州市丰泽区城东街道城华南路火车站,万马爱充泉州火车东站,19375
上海市,上海市宝山区盘古路829号宝闵汽车修理中心内,万马爱充盘古路站,6866
苏州市,苏州市吴中区230省道189号乐汇城停车场（靠近藏福东路侧）,万马爱充港龙乐汇城站,10086
武汉市,湖北省武汉市洪山区创业街十一幢12号楼生鲜批发市场旁,万马爱充光谷创业街站,19364
西安市,陕西省西安市未央区孙武路10号,万马爱充新军寨站,16124
苏州市,江苏省苏州市吴中区运澄路36号（北疆枫叶园度假村西南门）,万马爱充青剑湖站,6890
苏州市,苏州市相城区润元路366号梦多多小镇地下负二层左拐到底,万马爱充哥伦布邻街站,18437
苏州市,苏州市相城区相城大道1160号（红星·美凯龙停车场，靠澄阳路出入口处）,万马爱充中翔站,19274
深圳市,广东省深圳市宝安区宝安大道6267号世峰大厦,万马爱充福永世峰大厦站,10084
深圳市,广东省深圳市宝安区石岩街道应人石社区伟泰路23号,万马爱充伟泰路站,10080
南京市,南京市雨花台区玉兰路88号，南部创业南面地面停车场,万马爱充南部创业园站,19357
泉州市,福建省泉州市鲤城区紫山路10号江南高新科技园,万马爱充江南高新科技园站,19375
福州市,福建省福州市仓山区凤冈路66号金山文体中心,万马爱充金山文体中心站,20714
广州市,广东省广州市白云区沙亭北路沙亭岗小学附近,万马爱充沙亭北路站,19283
杭州市,浙江省杭州市余杭区向往街1008号,万马爱充乐富海邦站,16739
杭州市,浙江省杭州市江干区艮山东路182号天达大厦，地下车库负一层,万马爱充天达大厦站,16739
福州市,福建省福州市鼓楼区五四路128号恒力城写字楼地面停车场西南区域,万马爱充恒力城站,20714
无锡市,无锡市梁溪区锡沪中路55号弘阳广场北门停车场（广瑞路入口直行200米）,万马爱充弘阳家居站,16735
武汉市,湖北省武汉市青山区白云路P3停车场（东广场P3入口左侧）,万马爱充武汉站P3停车场站,19364
南京市,南京市栖霞区尧新大道88号，南京金圣泰洗化有限公司内地面停车场,万马爱充尧新大道站,19357
福州市,福建省福州市鼓楼区铜盘路左海公园北大门旁停车场,万马爱充左海公园北门站,20714
无锡市,无锡市梁溪区通扬南路251号汇普大厦动力路入口（B1层右拐20米右拐到底）,万马爱充汇普金融大厦站,16744
无锡市,无锡市梁溪区塘南路198号铺宝宝地下二层（B2层右拐20米右拐到底）,万马爱充优客金街站,16744
广州市,广东省广州市番禺区市莲路28号石基嘉成连锁酒店石基店西北,万马爱充番禺石基站,20777
无锡市,无锡市新吴区长江北路6号（百事达大厦地面停车场）,万马爱充迈朋酒店站,16735
佛山市,广东省佛山市禅城区禅西大道东侧绿地未来城公交首末站,万马爱充绿地未来城公交站,12375
杭州市,浙江省杭州市西湖区象山路238号,万马爱充转塘亚朵站,16739
南京市,江宁区秦淮路11号，欧尚超市地面停车场(白天从秦淮路入口进入，夜间22:10后从挹淮街出口进出场),万马爱充江宁欧尚站,19357
广州市,广州市黄埔区光谱中路23号摩登大道负一楼,万马爱充摩登大道站,19288
西安市,陕西省西安市鄠邑区大庞路与393村道交叉口北150米,万马爱充商储沣西物流园站,10102
西安市,西安市雁塔区北池头二路与芙蓉东路交叉口东南150米（曲江悦仁大药房）,万马爱充曲江紫汀苑站,20720
泉州市,福建省泉州市台商投资区湖滨南路738号迅诚驾校,万马爱充迅诚驾校站,19375
南京市,南京市江宁区诚信大道519号，南京胜德车业有限公司地面停车场,万马爱充诚信大道站,19357
重庆市,重庆市巴南区龙洲湾公交枢纽站内,万马爱充龙洲湾公交枢纽站,20723
成都市,成都市武侯区武侯大道双楠皮革城,万马爱充双楠皮革城站,20771
重庆市,重庆市南岸区茶园公交换乘枢纽站内,万马爱充南岸茶园公交站,20723
杭州市,杭州市余杭区新城路126号对面（门岗领蓝牙卡后到地下车库）,万马爱充启业互联网小镇（cbc时代大观）站,16738
杭州市,浙江省杭州市余杭区龙泉路8-1,万马爱充天长通信站,16738
南京市,南京市秦淮区紫苜路，南京港华燃气旁地面停车场,万马爱充苜蓿园大街站,19357
杭州市,浙江省杭州市萧山区湖头陈工业区湖园三路8号,万马爱充成建钢管站,16739
广州市,广东省广州市黄埔区信华路,万马爱充信华冷库站,19280
武汉市,湖北省武汉市硚口区古田五路17号,万马爱充贝曼博济智汇园站,19364
南京市,南京市浦口区柳新路29号摩坊商业街地面停车场,万马爱充摩坊商业街站,19249
南京市,南京市六合区葛关路818号美利广场地下停车场B2层C区,万马爱充美利广场站,19249
广州市,广东省广州市花都区广州北站望亭路,万马爱充广州北站,19284
西安市,陕西省西安市大兴东路63号,万马爱充梨园宫剧院餐厅站,16124
苏州市,苏州市工业园区常胜路5号（进厂门后左拐）,万马爱充胜浦站,9900
成都市,成都市金牛区蓉都大道天回路570号附近,万马爱充成都军区总医院站,20771
上海市,上海市宝山区水产路761号停车场,万马爱充91150部队水产路站,9903
武汉市,湖北省武汉市汉阳区汉阳大道磨山新天地2区内,万马爱充磨山新天地站,19365
南京市,南京市栖霞区仙林新城灵山北路18号地下停车场B1层(信息产业园北门，农行旁地下车库入口),万马爱充兰德地理信息园站,19357
苏州市,苏州市工业园区唯华路5号亭隆街入口地下一层（B1口右转10米，再右转直行10米）,万马爱充曼哈顿广场站,18437
广州市,广州市天河区珠江新城冼村路11号负一层,万马爱充保利威座站,19281
福州市,福建省福州市仓山区金港路金港公园西侧停车场,万马爱充金港公园站,20714
苏州市,苏州市姑苏区桐泾北路218号来客茂地下一层（枫桥路入口B1口右转下坡后右转5米）,万马爱充来客茂站,18437
深圳市,深圳市南山区石岩街道西丽阳光社区松柏路1017-1,万马爱充百旺苑站,10080
重庆市,重庆市沙坪坝区西永公交换乘枢纽站内,万马爱充西永换乘枢纽站,20723
泉州市,福建省泉州市晋江市罗山街道缺塘社区兴业路108号,万马爱充福马工业园站,19375
成都市,成都市龙泉驿区十陵镇友谊路377号运发停车场,万马爱充运发停车场站,20771
成都市,成都市新都区大丰蓉北路三段68号大丰客运站旁,万马爱充成都大丰客运站,20771
武汉市,湖北省武汉市江汉区常青一路36号武汉和瑞华美达酒店停车场内,万马爱充和瑞华美达站,19364
泉州市,福建省泉州市晋江市梅岭街道竹树下社区梅松溪路127号,万马爱充晋江竹树下站,19375
北京市,北京市丰台区晓月苑中路晓月苑五里北停车场,万马爱充晓月苑五里北停车场站,19254
三亚市,海南省三亚市崖州区225国道南山寺停车场,万马爱充南山寺站,20718
杭州市,浙江省杭州市下沙1号大街68号（园区外入口处）,万马爱充华媒科创园二期站,16738
无锡市,江苏省江阴市人民东路977号,江阴银河国际酒店地下负F1停车场充电站,40
无锡市,江苏省江阴市人民中路53号（国际购物中心西停车场）,江阴国际购物中心西停车场充电站,317
无锡市,江苏省江阴市人民中路289-1号（人民中路与环城西路交汇处）,江阴鸿昇苑酒店地下负F1停车场充电站,40
北京市,北京市海淀区上地西路与G7京新高速出口交叉口西南50米东大停车场内,万马爱充东大停车场站（南区）,20750
无锡市,江苏省江阴江阴市大桥南路177号,江阴天水雅居海鲜大食代地面停车场充电站,40
成都市,成都市温江区温泉大道398号蝴蝶泉游泳馆,万马爱充温江蝴蝶泉站,20771
上海市,上海市闵行区陈行公路2168号智慧广场18号楼,万马爱充浦江镇漕河泾站,9195
苏州市,苏州市吴中区东方大道1088号万科美好荟地下一层（入口处右转10米再右转10米）,万马爱充美好荟站,12405
西安市,陕西省西安市东二环北段，米秦路与东二环十字东北角（中国诚通供应链服务有限公司院内）,万马爱充诚通石家街站,16124
西安市,陕西省西安市长安区飞天路与神舟三路西南航天翼城小区地面停车场,万马爱充长安航天翼城站,16124
杭州市,浙江省杭州市下城区东新路828号，地下车库负二层,万马爱充瑞莱克斯东新站,16739
北京市,北京市海淀区上地西路与G7京新高速出口交叉口西南50米东大停车场内,万马爱充东大停车场站（北区）,20750
成都市,四川省成都市武侯区桂溪街道世纪城路成都江滩公园,万马爱充世纪城路江滩公园汽车充电站,37
成都市,四川省成都市新都区新都镇物流大道,万马爱充新都中国物流汽车充电站,6466
成都市,成都市郫都区望丛东路406号附1,万马爱充郫都蜀都新天地站,20771
西安市,陕西省西安市未央区延长石油CNG加气站,万马爱充丰产路站,15490
南京市,南京市建邺区楠溪江东街81号,万马爱充河西缤润汇站,19249
太原市,山西省太原市小店区坞城南路高速桥下钇源充电站,太原钇源直流小车充电站,9539
太原市,山西省太原市小店区坞城南路高速桥下钇源充电站,太原钇源直流大车充电站,9539
杭州市,杭州市余杭区星桥街道太平路26号,万马爱充惠都家园站,16738
杭州市,浙江省江干区凌浩路远大驾校,万马爱充远大驾校站,16738
杭州市,"杭州市余杭区杭行路1025号(从祥运路南门进出,地下负二层)",万马爱充朗筑站,16738
泉州市,福建省泉州市丰泽区浔美工业区通源街750号,万马爱充佳乐科技园站,19375
广州市,广东省广州市南沙区环盛街2号,万马爱充南沙保利思泰广场站,19282
无锡市,无锡市滨湖区五湖大道116号红星美凯龙（东门入口右侧）,万马爱充红星美凯龙(滨湖至尊店)站,12406
杭州市,浙江省杭州市西湖区省府路9号（进出走环城西路的门）,万马爱充省人民大会堂站,16739
西安市,陕西省西安市书香路与西长安街十字路口,万马爱充长安区陕师大充电站,16124
南京市,南京市江宁区清水亭西路2-20号深科博业大楼地面停车场,万马爱充秣陵科创园站,19358
福州市,福州长乐国际机场内停车场,万马爱充长乐国际机场站,16885
西安市,陕西省西安市灞桥区邵平店村108国道商储灞桥物流园,万马爱充陕西商储灞桥物流园充电站,10103
无锡市,无锡市江阴市临港珠江路198号（夏港支行附近),江阴市临港开发区管理委员会（临港街道办事处）停车场充电站,323
杭州市,杭州市上城区望江东路333号,万马爱充瑞莱克斯望江站,16739
武汉市,湖北省武汉市洪山区白沙洲大道青菱中路合富金生建材馆V5馆楼顶停车场,万马爱充合富金生站,19366
广州市,广东省广州市番禺区江南工业园二区二横路,万马爱充番禺江南创意园站,19287
泉州市,福建省泉州市丰泽区宝洲路689号万达公馆北区西门,万马爱充万达公馆站,19375
重庆市,重庆市南岸区黄桷垭复兴村34号（重庆市中药研究院老门诊旁停车场内）,万马爱充中药研究院站,20723
三亚市,海南省三亚市吉阳区吉阳大道190号圣巴厘医院,万马爱充圣巴厘医院站,19262
西安市,西安市高陵区泾高南路与泾渭路交叉口西南,万马爱充高陵华银中石油站,20633
南京市,南京市浦口区星甸工业园区经三南路1号,万马爱充波杜农牧股份站,35
西安市,陕西省西安市高陵区泾河工业园（北区）陕汽路北侧（加油站院内）,万马爱充高陵华银壳牌站,20633
南京市,南京市栖霞区元化路8号南大科学园创新二期,万马爱充南大科学园站,19249
成都市,成都市双流区东升街道电视塔路三段80号,万马爱充建阳欣语站,20771
南京市,南京市溧水区珍珠南路158号,万马爱充学府雅苑站,36
福州市,福建省福州市仓山区齐安路769号非凡汽车服务公司旁,万马爱充新榕泰汽车城站,20714
南京市,南京市六合区龙津路48号(朝天街入口下至负二层D区),万马爱充六合欢乐港站,19357
福州市,福建省福州市台江区鳌峰路423号海西科技金融大厦,万马爱充海西科技金融大厦站,20714
西安市,陕西省西安市未央区凤城十二路北苑天后花园停车场,万马爱充北苑天后花园站,16124
西安市,陕西省西安市灞桥区纺西街华夏幸福里购物中心停车场,万马爱充华夏幸福里购物中心站,8590
深圳市,深圳市宝安区松江路溪头第一工业区6号厂房,万马爱充溪头第一工业区站,20652
西安市,西安市西沣路辅道与锦业二路十子北长安天然气公司内部停车场,万马爱充西沣路i都会充电站,16124
北京市,北京市朝阳区驼房营南路8号新华科技大厦B2,北京市朝阳区新华科技大厦,708
北京市,北京市房山区紫码路 路程汽车销售服务公司西80米,万马爱充紫草坞站,20665
佛山市,广东省佛山市禅城区南庄大道1号,万马爱充南庄文化中心站,12375
重庆市,重庆市渝北区吉安路12号,万马爱充长安加气站,20723
杭州市,杭州市拱墅区祥符街道吉如路76号附近,万马爱充人防大厦站,16738
惠州市,广东省惠州市惠东县多祝镇交警多祝中队旁,多祝充电站,19339
三亚市,海南省三亚市吉阳区中信·半岛云邸,万马爱充半岛云邸慢充站,19381
三亚市,海南省三亚市海棠区葛洲坝·海棠福湾,万马爱充葛洲坝慢充站,19382
三亚市,海南省三亚市吉阳区凤凰路38号鹿港溪山,万马爱充鹿港溪山慢充站,19381
省直辖县级行政区划,海南省陵水黎族自治县新村镇绿城蓝湾小镇,万马爱充绿城蓝湾小镇慢充站,19382
上海市,上海市浦东新区康桥镇秀演西路218路,万马爱充绿地香颂站,193
三亚市,海南省三亚市吉阳区迎宾路96号香榭名苑,万马爱充香榭名苑慢充站,19383
三亚市,海南省三亚市吉阳区迎宾路468号一山湖,万马爱充一山湖慢充站,20682
省直辖县级行政区划,海南省陵水黎族自治县英州镇清水湾大道中信清水湾,万马爱充中信清水湾慢充站,19382
重庆市,重庆市九龙坡区渝州路59号,万马爱充石桥广场站,9271
重庆市,重庆市渝中区大坪正街38号龙湖时代天街C馆车库负二楼,万马爱充龙湖时代天街C馆站,9271
咸阳市,咸阳市渭城区-X324韩双路北200米,万马爱充普洛斯空港站,15490
三明市,福建省三明市三元区工业南路27号,万马爱充三明汽车南站充电站,20761
深圳市,广东省深圳市龙华区和平路1号（富多肯工业园内）,万马爱充清湖公交站,9201
北京市,北京市房山区京周路阎村工业区内,北京互联网金融安全示范产业园,525
苏州市,苏州市高新区兴贤路199号（靠近沪霍线中石化旁）,万马爱充汇金广场站,10088
北京市,北京市昌平区鼓楼北街9号,北京市昌平医院,253
三亚市,海南省三亚市吉阳区榆红南路与榆亚路交叉路口东南侧绿地悦澜湾小区内,万马爱充绿地悦澜湾慢充站,20687
海口市,海口市琼山区大英山西六路与大英山西二街交叉路口往西南约100米,万马爱充海航豪庭一期慢充站,20733
海口市,海南省海口市秀英区美华路万花苑,万马爱充万花苑慢充站,20705
海口市,海南省海口市美兰区海甸岛海甸六东路海景花园小区,万马爱充海景花园慢充站,20708
海口市,海南省海口市龙华区秀垦路100号秀城小区,万马爱充秀城小区慢充站,20791
北京市,北京市丰台区南大红门路1号万源西里小区37号楼西侧平台停车场,北京万源西里小区,20752
上海市,上海市金山区龙胜路888号,万马爱充金兵汽修站,6865
杭州市,杭州市西湖区灵隐支路南侧灵溪停车场,万马爱充灵溪停车场站,16738
北京市,北京市海淀区稻香湖路稻香湖酒店,万马爱充稻香湖景酒店站,19256
深圳市,深圳市龙岗区横岗街道328工业园内,万马爱充大康路328工业区站,10025
北京市,北京市东城区东直门南大街11号,北京市中汇大厦,254
杭州市,杭州市江干区明石路515号,万马爱充明石大厦站,16739
渭南市,陕西省渭南华阴市岳庙街道金仙村,万马爱充华山充电站,10099
西安市,陕西省西安市未央区六村堡街道丰产路73号,万马爱充商储六村堡站,10099
深圳市,广东省深圳市龙华区工业东路83号,万马爱充牛栏前商业街站,9201
北京市,北京市朝阳区坝鑫家园小区5号楼东侧地面停车位,北京市朝阳区单店西路2号院,348
